,precision,recall,f1-score,support
ANGRY,0.11538461538461539,0.02459016393442623,0.04054054054054054,244.0
DISLIKE,0.0,0.0,0.0,184.0
OTHER,0.7540549486924859,0.9835924006908463,0.8536631066142026,2316.0
PESSIMISTIC,0.0,0.0,0.0,278.0
WORRIED,0.0,0.0,0.0,51.0
accuracy,0.7432476407419459,0.7432476407419459,0.7432476407419459,0.7432476407419459
macro avg,0.17388791281542026,0.2016365129250545,0.17884072943094864,3073.0
weighted avg,0.5774634257486637,0.7432476407419459,0.6465914893623121,3073.0
